subscription_id,user_id,plan_type,start_date,end_date,status,monthly_price
S001,B0-U001,Lite,2026-01-13,2026-04-12,active,50000.0
S002,B0-U001,Premium,2026-04-13,2026-04-29,canceled,150000.0
S003,B0-U001,Lite,2027-01-01,,active,50000.0
S004,B0-U002,Lite,2026-02-20,2026-12-20,canceled,50000.0
S005,B0-U003,Premium,2026-03-15,,active,150000.0
S001,B0-U002,Premium,2026-01-12,2026-02-12,active,150000.0
S002,B0-U002,Lite,2026-02-13,,active,50000.0
S003,B0-U002,Premium,2026-03-01,2026-05-01,canceled,150000.0
S004,B0-U003,Lite,2026-01-20,,active,50000.0
B2-S001,B0-U003,Lite,2026-01-20,2026-02-19,active,50000.0
B2-S002,B0-U003,Premium,2026-03-01,2026-03-26,canceled,150000.0
S001,B0-U004,Premium,2026-01-11,2026-07-11,active,150000.0
S002,B0-U004,Lite,2026-07-12,,active,50000.0
B4-S001,B0-U005,Lite,2026-01-15,2027-01-15,active,50000.0
B4-S002,B0-U005,Premium,2026-07-20,2026-08-02,canceled,150000.0
B4-S003,B0-U005,Lite,2025-12-01,2026-11-30,canceled,50000.0
B5-S001,B0-U006,Premium,2026-01-09,,active,150000.0
B5-S002,B0-U006,Lite,2026-03-01,,active,50000.0
S001,B0-U007,Lite,2026-01-08,2026-03-08,active,50000.0
S002,B0-U007,Premium,2026-03-09,2026-03-18,canceled,150000.0
S003,B0-U007,Lite,2026-06-01,2026-12-01,canceled,50000.0
S001,B0-U008,Premium,2026-01-08,2026-02-07,active,150000.0
S002,B0-U008,Lite,2026-02-08,,active,50000.0
S003,B0-U008,Premium,2026-03-01,2026-03-10,canceled,150000.0
S004,B0-U009,Lite,2026-01-20,2026-03-01,canceled,50000.0
B8-S001,B0-U009,Lite,2026-01-07,2026-02-07,active,50000.0
B8-S002,B0-U009,Premium,2026-04-01,,active,150000.0
B8-S003,B0-U009,Lite,2026-08-15,2027-08-15,canceled,50000.0
B9-S001,B0-U010,Premium,2026-01-08,2026-08-07,active,150000.0
B9-S002,B0-U010,Lite,2026-08-08,,active,50000.0
B9-S003,B0-U010,Premium,2026-12-01,,active,150000.0
B9-S004,B0-U012,Lite,2026-02-15,2026-09-14,canceled,50000.0
B9-S005,B0-U013,Premium,2026-03-01,2026-03-12,canceled,150000.0
B9-S006,B0-U013,Lite,2026-09-01,,active,50000.0
B10-S001,B0-U011,Lite,2026-01-06,2026-07-06,active,50000.0
B10-S002,B0-U011,Premium,2026-07-07,2027-07-07,active,150000.0
B11-S001,B0-U012,Premium,2026-01-06,2026-01-21,canceled,150000.0
B11-S002,B0-U012,Lite,2026-03-01,2026-12-31,canceled,50000.0
S001,B0-U013,Lite,2026-01-10,2026-07-10,active,50000.0
S002,B0-U013,Premium,2026-08-01,2026-08-25,canceled,150000.0
S003,B0-U013,Lite,2025-12-01,,active,50000.0
B13-S001,B0-U014,Premium,2026-01-04,2026-01-13,canceled,150000.0
B13-S002,B0-U014,Lite,2026-05-01,,active,50000.0
B13-S003,B0-U014,Premium,2026-07-01,2026-07-10,canceled,150000.0
S001,B0-U015,Lite,2026-01-04,2026-06-04,active,50000.0
S002,B0-U015,Premium,2026-06-04,2026-06-22,canceled,150000.0
S003,B0-U015,Lite,2027-06-04,,active,50000.0
S001,B0-U016,Premium,2026-01-04,2026-07-04,active,150000.0
S002,B0-U016,Lite,2026-07-04,,active,50000.0
S003,B0-U016,Premium,2026-08-01,2027-02-01,canceled,150000.0
S001,B0-U017,Lite,2026-01-10,2026-04-10,active,50000.0
S002,B0-U017,Premium,2026-04-11,,active,150000.0
B17-S001,B0-U018,Premium,2026-01-02,2026-07-02,canceled,150000.0
B17-S002,B0-U018,Lite,2026-07-03,2026-07-10,canceled,50000.0
B17-S003,B0-U018,Premium,2026-07-15,2026-07-28,canceled,150000.0
B17-S004,B0-U019,Lite,2026-02-20,2026-08-20,canceled,50000.0
B17-S005,B0-U019,Premium,2026-08-21,,active,150000.0
B17-S006,B0-U020,Lite,2026-03-10,,active,50000.0
B17-S007,B0-U020,Premium,2026-09-11,2026-09-22,canceled,150000.0
S001,B0-U019,Lite,2026-01-02,2026-04-02,active,50000.0
S002,B0-U019,Premium,2026-04-03,2026-04-14,canceled,150000.0
S001,B0-U020,Premium,2026-01-02,2026-01-20,canceled,1500000.0
S002,B0-U020,Lite,2026-04-15,2026-10-15,canceled,50000.0
S009,B0-U020,Premium,2026-11-01,,active,1500000.0
B20-S001,B1-U001,Lite,2026-01-14,2026-04-13,active,50000.0
B20-S002,B1-U001,Premium,2026-04-14,2026-04-24,canceled,150000.0
B21-S001,B1-U002,Lite,2026-01-12,2026-02-12,active,50000.0
B21-S002,B1-U002,Premium,2026-02-13,2026-03-02,canceled,150000.0
B21-S003,B1-U002,Lite,2026-03-01,,active,50000.0
B22-S001,B1-U003,Premium,2026-01-11,2026-01-20,canceled,150000.0
B22-S002,B1-U003,Lite,2026-02-01,2026-08-01,canceled,50000.0
B22-S003,B1-U003,Lite,2026-09-01,,active,50000.0
S001,B1-U004,Lite,2026-01-12,,active,50000.0
S002,B1-U004,Premium,2026-07-01,2026-12-31,canceled,150000.0
S003,B1-U004,Lite,2026-02-15,,active,50000.0
S004,B1-U004,Premium,2026-09-01,2026-09-08,canceled,150000.0
S001,B1-U005,Premium,2026-01-10,,active,150000.0
S002,B1-U005,Lite,2026-02-15,2026-08-15,canceled,50000.0
S003,B1-U005,Premium,2026-03-01,2026-03-17,canceled,150000.0
B25-S001,B1-U006,Lite,2026-01-10,2026-02-09,active,50000.0
B25-S002,B1-U006,Premium,2026-02-10,2026-08-09,active,150000.0
B25-S003,B1-U006,Lite,2026-08-10,2027-08-09,active,50000.0
B26-S001,B1-U007,Premium,2026-01-08,,active,150000.0
B26-S002,B1-U007,Lite,2026-02-01,2026-12-31,canceled,50000.0
B27-S001,B1-U008,Lite,2026-01-06,2026-02-05,active,50000.0
B27-S002,B1-U008,Premium,2026-02-06,2026-07-05,active,150000.0
B27-S003,B1-U008,Lite,2026-07-06,2026-07-09,canceled,50000.0
S001,B1-U009,Premium,2026-01-10,2026-07-10,active,150000.0
S002,B1-U009,Lite,2026-07-11,,active,50000.0
S001,B1-U010,Lite,2026-01-04,,active,50000.0
S002,B1-U010,Premium,2026-02-15,2026-08-14,canceled,150000.0
B30-S001,B1-U011,Premium,2026-01-03,2026-01-10,canceled,150000.0
B30-S002,B1-U011,Lite,2026-01-20,2026-03-20,canceled,50000.0
S001,B1-U012,Lite,2026-01-03,2026-04-02,active,50000.0
S002,B1-U012,Premium,2026-04-03,2026-04-25,canceled,150000.0
S003,B1-U012,Lite,2025-11-15,,active,50000.0
S004,B1-U014,Lite,2026-01-10,,active,50000.0
S005,B1-U014,Premium,2026-05-10,,active,150000.0
B32-S001,B1-U013,Premium,2026-01-15,,active,150000.0
B32-S002,B1-U013,Lite,2026-04-01,,active,50000.0
B33-S001,B1-U014,Lite,2026-01-01,2026-06-30,active,50000.0
B33-S002,B1-U014,Premium,2026-07-01,2026-07-18,canceled,150000.0
S001,B1-U015,Premium,2026-01-02,2026-12-31,active,150000.0
S002,B1-U015,Lite,2025-12-31,,active,50000.0
S003,B1-U015,Premium,2026-02-01,,active,150000.0
S004,B1-U015,Lite,2026-03-01,2026-03-12,canceled,50000.0
S001,B1-U016,Lite,2026-01-02,2026-02-01,active,50000.0
S002,B1-U016,Premium,2026-02-02,2026-02-25,canceled,150000.0
S003,B1-U016,Lite,2026-03-01,2026-03-15,canceled,50000.0
S004,B1-U017,Lite,2026-01-15,,active,50000.0
S005,B1-U017,Premium,2026-04-01,2026-04-08,canceled,150000.0
S001,B1-U017,Premium,2026-01-01,2026-01-06,canceled,150000.0
S002,B1-U017,Lite,2026-07-01,2026-07-13,canceled,50000.0
S003,B1-U017,Premium,2026-08-01,,active,150000.0
S004,B1-U017,Lite,2026-09-01,,active,50000.0
B37-S001,B1-U018,Lite,2025-12-27,2026-01-01,canceled,50000.0
B37-S002,B1-U018,Premium,2026-05-28,,active,150000.0
B37-S003,B1-U018,Lite,2026-07-01,2026-12-01,canceled,50000.0
S001,B1-U019,Lite,2026-01-01,2026-02-01,active,50000.0
S002,B1-U019,Premium,2026-02-02,,active,150000.0
S001,B1-U020,Premium,2025-12-26,2026-12-25,active,150000.0
S002,B1-U020,Lite,2026-01-15,,active,50000.0
S003,B1-U020,Lite,2026-04-01,2026-09-30,canceled,50000.0
S001,B2-U001,Lite,2026-01-02,2026-07-02,active,50000.0
S002,B2-U001,Premium,2026-07-02,,active,150000.0
S003,B2-U001,Lite,2026-01-02,2026-10-02,canceled,50000.0
S001,B2-U002,Lite,2026-01-02,2026-07-02,active,50000.0
S002,B2-U002,Premium,2026-07-03,,active,150000.0
S003,B2-U002,Lite,2025-12-01,2026-01-01,canceled,50000.0
B42-S001,B2-U003,Premium,2026-01-10,,active,150000.0
B42-S002,B2-U003,Lite,2026-03-01,,active,50000.0
B43-S001,B2-U004,Lite,2026-01-06,2026-07-06,active,50000.0
B43-S002,B2-U004,Premium,2026-07-07,2026-07-16,canceled,150000.0
B43-S003,B2-U004,Lite,2026-01-20,,active,50000.0
B43-S004,B2-U004,Premium,2026-09-01,2026-09-23,canceled,150000.0
S001,B2-U005,Premium,2026-01-15,2026-02-06,canceled,150000.0
S002,B2-U005,Lite,2026-06-01,2026-06-07,canceled,50000.0
B45-S001,B2-U006,Lite,2026-01-09,2026-02-08,active,50000.0
B45-S002,B2-U006,Premium,2026-02-09,2026-02-16,canceled,150000.0
B45-S003,B2-U006,Lite,2026-03-01,2026-08-31,canceled,50000.0
S001,B2-U007,Lite,2026-01-10,2026-04-09,active,50000.0
S002,B2-U007,Premium,2026-04-10,2026-10-09,active,150000.0
S001,B2-U008,Premium,2026-01-20,2026-02-05,canceled,150000.0
S002,B2-U008,Lite,2027-01-05,,active,50000.0
S003,B2-U008,Premium,2026-06-15,2027-06-14,canceled,150000.0
S001,B2-U009,Lite,2026-01-12,2026-02-11,active,50000.0
S002,B2-U009,Premium,2026-02-12,2026-08-11,canceled,150000.0
S003,B2-U009,Lite,2026-08-12,,active,50000.0
S001,B2-U010,Premium,2026-01-20,,active,150000.0
S002,B2-U010,Lite,2026-02-15,,active,50000.0
S003,B2-U010,Lite,2026-03-10,2026-03-22,canceled,50000.0
B50-S001,B2-U011,Lite,2026-01-04,,active,50000.0
B50-S002,B2-U011,Premium,2026-02-15,2026-08-15,canceled,150000.0
S001,B2-U012,Premium,2026-01-07,2027-01-07,active,150000.0
S002,B2-U012,Lite,2026-03-15,,active,50000.0
S001,B2-U013,Lite,2026-01-14,2026-02-13,active,50000.0
S002,B2-U013,Premium,2026-03-01,2026-03-09,canceled,150000.0
S003,B2-U013,Lite,2026-04-01,2026-07-01,canceled,50000.0
S004,B2-U014,Lite,2026-01-20,2026-02-19,active,50000.0
S005,B2-U014,Premium,2026-02-20,,active,150000.0
B53-S001,B2-U014,Premium,2026-01-20,,active,150000.0
B53-S002,B2-U014,Lite,2026-03-05,2026-12-31,canceled,50000.0
S001,B2-U015,Lite,2026-01-20,2026-02-19,active,50000.0
S002,B2-U015,Premium,2026-03-01,2026-03-17,canceled,150000.0
S003,B2-U020,Lite,2026-01-25,,active,50000.0
S004,B2-U023,Premium,2026-02-10,,active,150000.0
S001,B2-U016,Premium,2026-01-18,2027-01-17,active,150000.0
S002,B2-U016,Lite,2026-03-01,2026-03-09,canceled,50000.0
B56-S001,B2-U017,Lite,2026-01-18,,active,50000.0
B56-S002,B2-U017,Premium,2026-03-19,,active,150000.0
S003,B2-U017,Lite,2026-05-01,2026-06-01,canceled,50000.0
B56-S004,B2-U018,Lite,2026-02-20,2026-02-26,canceled,50000.0
B56-S005,B2-U018,Premium,2026-04-21,2026-05-05,canceled,150000.0
B57-S001,B2-U018,Lite,2026-01-19,2026-07-19,active,50000.0
B57-S002,B2-U018,Premium,2026-07-20,,active,150000.0
B57-S003,B2-U019,Lite,2026-01-23,2026-04-23,canceled,50000.0
B57-S004,B2-U019,Premium,2026-04-24,2026-05-15,canceled,150000.0
B58-S001,B2-U019,Premium,2026-01-20,2026-01-28,canceled,150000.0
B58-S002,B2-U019,Lite,2026-01-26,,active,50000.0
B58-S003,B2-U019,Premium,2026-02-15,2027-02-15,active,150000.0
S001,B2-U020,Lite,2026-01-02,2026-01-06,canceled,50000.0
S002,B2-U020,Premium,2026-02-02,2026-02-26,canceled,150000.0
S003,B2-U020,Lite,2026-03-03,2026-03-16,canceled,50000.0
S001,B3-U001,Lite,2026-01-20,2026-06-20,active,50000.0
S002,B3-U001,Premium,2026-07-01,2026-07-21,canceled,150000.0
S003,B3-U001,Lite,2026-02-15,2026-02-18,canceled,50000.0
S004,B3-U002,Lite,2026-03-10,2026-09-10,canceled,50000.0
S005,B3-U002,Premium,2026-09-20,2026-09-25,canceled,150000.0
S001,B3-U002,Lite,2026-01-06,2026-02-06,active,50000.0
S002,B3-U002,Premium,2026-02-07,2026-02-14,canceled,150000.0
S003,B3-U002,Lite,2026-03-01,2026-04-01,canceled,50000.0
S004,B3-U002,Premium,2026-04-15,2026-04-30,canceled,150000.0
B62-S001,B3-U003,Premium,2026-01-11,,active,150000.0
B62-S002,B3-U003,Lite,2026-02-01,2026-08-01,canceled,50000.0
B63-S001,B3-U004,Lite,2026-01-03,2026-02-02,active,50000.0
B63-S002,B3-U004,Premium,2026-02-03,,active,150000.0
B63-S003,B3-U004,Lite,2026-04-10,2026-05-09,canceled,50000.0
B64-S001,B3-U005,Lite,2026-01-09,,active,50000.0
B64-S002,B3-U005,Premium,2026-02-01,2026-12-31,canceled,150000.0
B65-S001,B3-U006,Premium,2026-01-02,2026-01-11,canceled,150000.0
B65-S002,B3-U006,Lite,2026-01-02,,active,50000.0
B66-S001,B3-U007,Premium,2026-01-15,,active,150000.0
B66-S002,B3-U007,Lite,2026-01-20,2026-04-20,canceled,50000.0
B67-S001,B3-U008,Lite,2026-01-04,2026-03-04,active,50000.0
B67-S002,B3-U008,Premium,2026-03-05,2026-03-18,canceled,150000.0
B68-S001,B3-U009,Lite,2026-01-10,2026-01-24,canceled,50000.0
B68-S002,B3-U009,Premium,2026-02-10,,active,150000.0
S001,B3-U010,Premium,2026-01-10,,active,150000.0
S002,B3-U010,Lite,2026-02-01,,active,50000.0
S003,B3-U010,Premium,2026-04-15,,active,150000.0
S001,B3-U011,Premium,2026-01-02,2026-07-01,active,150000.0
S002,B3-U011,Lite,2026-07-02,,active,50000.0
S003,B3-U011,Premium,2026-12-01,2026-12-08,canceled,150000.0
B71-S001,B3-U012,Lite,2026-01-12,2026-01-20,canceled,50000.0
B71-S002,B3-U012,Premium,2026-02-12,2026-03-05,canceled,150000.0
B71-S003,B3-U012,Lite,2026-03-15,,active,50000.0
S001,B3-U013,Lite,2026-01-07,,active,50000.0
S002,B3-U013,Premium,2026-02-08,2026-07-07,canceled,150000.0
S003,B3-U013,Lite,2026-08-01,,active,50000.0
B73-S001,B3-U014,Premium,2026-01-20,,active,150000.0
B73-S002,B3-U014,Lite,2025-12-01,,active,50000.0
B74-S001,B3-U015,Premium,2026-01-06,2026-04-06,active,150000.0
B74-S002,B3-U015,Lite,2026-04-07,,active,50000.0
B75-S001,B3-U016,Lite,2026-01-04,2026-02-03,active,50000.0
B75-S002,B3-U016,Premium,2026-02-04,2026-02-16,canceled,150000.0
B76-S001,B3-U017,Lite,2026-01-02,2026-03-01,active,50000.0
B76-S002,B3-U017,Premium,2026-03-02,2026-03-26,canceled,150000.0
S001,B3-U018,Premium,2026-01-09,2026-01-12,canceled,150000.0
S002,B3-U018,Lite,2026-07-10,,active,50000.0
B78-S001,B3-U019,Premium,2026-01-10,,active,150000.0
B78-S002,B3-U019,Lite,2026-01-20,,active,50000.0
S001,B3-U020,Lite,2026-01-10,2026-02-10,active,50000.0
S002,B3-U020,Premium,2026-03-01,,active,150000.0
S003,B3-U020,Lite,2026-04-15,2026-06-15,canceled,50000.0
S004,B3-U021,Lite,2026-01-20,,active,50000.0
B80-S001,B4-U001,Lite,2026-01-10,,active,50000.0
B80-S002,B4-U001,Premium,2026-02-15,2026-08-15,canceled,150000.0
B80-S003,B4-U001,Lite,2026-03-01,2026-12-31,canceled,50000.0
B81-S001,B4-U002,Premium,2026-01-07,2026-07-07,active,150000.0
B81-S002,B4-U002,Lite,2026-07-08,2028-01-07,active,50000.0
B81-S003,B4-U002,Premium,2028-01-08,,active,150000.0
B82-S001,B4-U003,Lite,2026-01-09,2026-04-09,active,50000.0
B82-S002,B4-U003,Premium,2026-04-10,,active,150000.0
S001,B4-U004,Premium,2026-01-11,2026-01-27,canceled,150000.0
S002,B4-U004,Lite,2026-02-01,2026-02-08,canceled,50000.0
S001,B4-U005,Lite,2026-01-12,2026-04-12,active,50000.0
S002,B4-U005,Premium,2026-04-13,2026-10-13,canceled,150000.0
S003,B4-U005,Lite,2025-11-01,,active,50000.0
B85-S001,B4-U006,Premium,2026-01-10,2026-07-10,active,150000.0
B85-S002,B4-U006,Lite,2026-07-11,,active,50000.0
B85-S003,B4-U006,Lite,2026-09-01,2027-03-01,canceled,50000.0
B86-S001,B4-U007,Lite,2026-01-03,2026-02-02,active,50000.0
B86-S002,B4-U007,Premium,2026-02-03,2027-02-02,active,150000.0
B86-S003,B4-U007,Lite,2026-03-01,,active,50000.0
S001,B4-U008,Premium,2026-01-10,2026-01-16,canceled,150000.0
S002,B4-U008,Lite,2026-07-11,,active,50000.0
S003,B4-U008,Premium,2026-02-15,2026-12-15,canceled,150000.0
S004,B4-U008,Lite,2025-12-01,2026-04-01,canceled,50000.0
S001,B4-U009,Lite,2026-01-04,2026-04-04,active,50000.0
S002,B4-U009,Premium,2026-04-05,,active,150000.0
S003,B4-U009,Lite,2026-02-01,2026-02-01,canceled,50000.0
S004,B4-U009,Lite,2025-12-15,,active,50000.0
B89-S001,B4-U010,Premium,2026-01-10,2026-04-10,active,150000.0
B89-S002,B4-U010,Lite,2026-05-15,,active,50000.0
B90-S001,B4-U011,Lite,2026-01-14,2026-01-28,canceled,50000.0
B90-S002,B4-U011,Premium,2026-07-15,,active,150000.0
B90-S003,B4-U011,Lite,2026-01-20,2026-01-26,canceled,50000.0
B90-S004,B4-U011,Premium,2026-08-01,2026-08-16,canceled,150000.0
B91-S001,B4-U012,Premium,2026-01-03,2026-06-02,active,150000.0
B91-S002,B4-U012,Lite,2025-11-20,,active,50000.0
B91-S003,B4-U012,Premium,2026-07-01,2026-07-26,canceled,150000.0
B92-S001,B4-U013,Lite,2026-01-08,2026-04-08,active,50000.0
B92-S002,B4-U013,Premium,2026-04-09,,active,150000.0
B92-S003,B4-U013,Lite,2026-07-20,2027-01-20,canceled,50000.0
S001,B4-U014,Premium,2026-01-10,2026-02-09,active,150000.0
S002,B4-U014,Lite,2026-02-10,,active,50000.0
B94-S001,B4-U015,Lite,2026-01-10,2026-04-10,active,50000.0
B94-S002,B4-U015,Premium,2026-04-11,2026-05-03,canceled,150000.0
B94-S003,B4-U015,Lite,2025-12-15,,active,50000.0
B94-S004,B4-U015,Premium,2026-01-20,2026-02-20,canceled,150000.0
B95-S001,B4-U016,Premium,2026-01-02,,active,150000.0
B95-S002,B4-U016,Lite,2026-02-15,,active,50000.0
S001,B4-U017,Lite,2026-01-11,2026-06-10,active,50000.0
S002,B4-U017,Premium,2026-06-11,,active,150000.0
B97-S001,B4-U018,Premium,2026-01-10,2026-01-30,canceled,150000.0
B97-S002,B4-U018,Lite,2026-01-20,,active,50000.0
B98-S001,B4-U019,Lite,2026-01-03,,active,50000.0
B98-S002,B4-U019,Premium,2026-03-15,2026-09-14,canceled,150000.0
B99-S001,B4-U020,Premium,2026-01-12,2026-01-31,canceled,150000.0
B99-S002,B4-U020,Lite,2026-07-13,2026-07-21,canceled,50000.0
B99-S003,B4-U021,Premium,2026-01-20,2026-06-20,canceled,150000.0
B99-S004,B4-U021,Lite,2026-06-21,,active,50000.0
B100-S001,B5-U001,Lite,2026-01-14,,active,50000.0
B100-S002,B5-U001,Premium,2026-02-01,2026-12-31,canceled,150000.0
B101-S001,B5-U002,Premium,2026-01-12,2026-07-12,active,150000.0
B101-S002,B5-U002,Lite,2026-07-13,2026-07-24,canceled,50000.0
B102-S001,B5-U003,Lite,2026-01-20,2027-01-19,active,50000.0
B102-S002,B5-U003,Premium,2026-04-15,,active,150000.0
S001,B5-U004,Premium,2026-01-10,2026-04-10,active,150000.0
S002,B5-U004,Lite,2025-11-15,,active,50000.0
S003,B5-U004,Premium,2025-07-20,2026-01-09,canceled,150000.0
S004,B5-U004,Lite,2026-01-11,,active,50000.0
B104-S001,B5-U005,Lite,2026-01-10,2026-01-23,canceled,50000.0
B104-S002,B5-U005,Premium,2026-07-11,,active,150000.0
B104-S003,B5-U005,Lite,2026-11-01,,active,50000.0
S001,B5-U006,Premium,2026-01-15,2026-07-15,active,150000.0
S002,B5-U006,Lite,2025-11-01,2026-01-01,canceled,50000.0
S003,B5-U006,Premium,2026-08-01,,active,150000.0
B106-S001,B5-U007,Lite,2026-01-07,2026-02-07,active,50000.0
B106-S002,B5-U007,Premium,2026-02-08,2026-02-22,canceled,150000.0
B106-S003,B5-U007,Lite,2026-03-01,2026-04-01,canceled,50000.0
B106-S004,B5-U007,Lite,2026-04-02,,active,50000.0
B107-S001,B5-U008,Premium,2026-01-07,,active,150000.0
B107-S002,B5-U008,Lite,2026-02-01,,active,50000.0
B108-S001,B5-U009,Lite,2026-01-06,2026-02-05,active,50000.0
B108-S002,B5-U009,Premium,2026-02-06,2026-02-23,canceled,150000.0
B109-S001,B5-U010,Premium,2026-01-04,2026-07-04,active,150000.0
B109-S002,B5-U010,Lite,2026-07-05,,active,50000.0
B110-S001,B5-U011,Lite,2026-01-03,2026-04-03,active,50000.0
B110-S002,B5-U011,Premium,2026-04-04,,active,150000.0
B110-S003,B5-U011,Lite,2026-06-01,,active,50000.0
B110-S004,B5-U012,Lite,2026-01-10,2026-03-10,canceled,50000.0
B110-S005,B5-U012,Premium,2026-03-11,,active,150000.0
B111-S001,B5-U012,Premium,2026-01-02,2026-07-02,active,150000.0
B111-S002,B5-U012,Lite,2026-07-03,,active,50000.0
B112-S001,B5-U013,Lite,2026-01-02,2026-02-01,active,50000.0
B112-S002,B5-U013,Premium,2026-02-02,2026-02-07,canceled,150000.0
S001,B5-U014,Premium,2026-01-01,2026-01-25,canceled,150000.0
S002,B5-U014,Lite,2026-02-15,,active,50000.0
B114-S001,B5-U015,Lite,2026-01-02,2026-04-01,active,50000.0
B114-S002,B5-U015,Premium,2026-01-02,,active,150000.0
B114-S003,B5-U015,Lite,2025-11-15,,active,50000.0
S001,B5-U016,Premium,2026-01-01,2026-12-31,active,150000.0
S002,B5-U016,Lite,2025-12-05,2026-11-30,canceled,50000.0
S001,B5-U017,Lite,2026-01-01,2026-01-10,canceled,50000.0
S002,B5-U017,Premium,2026-02-01,2026-08-01,canceled,150000.0
S003,B5-U017,Lite,2026-09-01,,active,50000.0
B117-S001,B5-U018,Premium,2026-01-02,,active,150000.0
B117-S002,B5-U018,Lite,2025-12-28,,active,50000.0
B118-S001,B5-U019,Lite,2026-01-15,2026-02-14,active,50000.0
B118-S002,B5-U019,Premium,2026-02-15,,active,150000.0
B118-S003,B5-U018,Lite,2025-12-01,,active,50000.0
S001,B5-U020,Premium,2025-12-25,2026-01-15,canceled,150000.0
S002,B5-U020,Lite,2026-06-25,2026-07-08,canceled,50000.0
S003,B5-U020,Premium,2026-07-01,2026-12-31,canceled,150000.0
S004,B5-U030,Lite,2026-01-15,,active,50000.0
B120-S001,B6-U001,Lite,2026-01-13,2026-06-13,active,50000.0
B120-S002,B6-U001,Premium,2026-06-14,,active,150000.0
B120-S003,B6-U001,Lite,2026-08-01,,active,50000.0
B120-S004,B6-U001,Premium,2026-02-20,2026-08-20,canceled,150000.0
B121-S001,B6-U002,Lite,2026-01-11,2026-04-11,active,50000.0
B121-S002,B6-U002,Premium,2026-04-12,,active,150000.0
B122-S001,U003,Premium,2026-01-09,2026-02-03,canceled,150000.0
B122-S002,U003,Lite,2026-04-10,,active,50000.0
B123-S001,B6-U004,Lite,2026-01-10,2026-07-10,active,50000.0
B123-S002,B6-U004,Premium,2026-07-11,,active,150000.0
B123-S003,B6-U004,Lite,2026-02-15,2026-12-15,canceled,50000.0
B124-S001,B6-U005,Premium,2026-01-08,2026-07-08,active,150000.0
B124-S002,B6-U005,Lite,2026-07-09,2027-07-09,active,50000.0
B125-S001,B6-U006,Lite,2026-01-06,2026-02-05,active,50000.0
B125-S002,B6-U006,Premium,2026-02-06,2026-02-16,canceled,150000.0
B125-S003,B6-U006,Lite,2026-03-01,,active,50000.0
B126-S001,B6-U007,Premium,2026-01-10,2026-03-09,active,150000.0
B126-S002,B6-U007,Lite,2026-04-01,2026-12-31,canceled,50000.0
B126-S003,B6-U007,Premium,2026-02-01,,active,150000.0
S001,B6-U008,Lite,2026-01-04,2026-02-04,active,50000.0
S002,B6-U008,Premium,2026-02-05,,active,150000.0
S003,B6-U008,Lite,2026-03-10,2026-04-10,canceled,50000.0
B128-S001,B6-U009,Lite,2026-01-04,,active,50000.0
B128-S002,B6-U009,Premium,2026-02-15,2026-08-15,canceled,150000.0
B129-S001,B6-U010,Premium,2026-01-02,,active,150000.0
B129-S002,B6-U010,Lite,2026-01-15,2026-01-27,canceled,50000.0
S001,B6-U011,Lite,2026-01-01,2026-01-13,canceled,50000.0
S002,B6-U011,Lite,2026-04-01,,active,50000.0
S003,B6-U011,Premium,2026-07-01,2026-07-17,canceled,150000.0
S004,B6-U012,Lite,2026-01-15,2026-12-31,active,50000.0
B131-S001,B6-U012,Premium,2026-01-05,,active,150000.0
B131-S002,B6-U012,Lite,2025-12-31,2026-01-31,canceled,50000.0
B132-S001,B6-U013,Lite,2026-01-01,2026-07-01,active,50000.0
B132-S002,B6-U013,Premium,2026-07-02,2026-07-08,canceled,150000.0
B133-S001,B6-U014,Premium,2026-01-15,2026-01-23,canceled,150000.0
B133-S002,B6-U014,Lite,2025-06-09,2025-06-15,canceled,50000.0
S001,B6-U015,Lite,2026-01-01,2026-02-01,active,50000.0
S002,B6-U015,Premium,2026-02-02,2026-02-25,canceled,150000.0
S003,B6-U015,Lite,2026-03-05,,active,50000.0
B135-S001,B6-U016,Premium,2026-01-01,2026-01-06,canceled,150000.0
B135-S002,B6-U016,Lite,2025-12-27,,active,50000.0
B135-S003,B6-U016,Premium,2026-01-15,2026-01-24,canceled,150000.0
B136-S001,B6-U017,Lite,2025-12-27,2026-02-26,active,50000.0
B136-S002,B6-U017,Premium,2026-02-27,2026-03-19,canceled,150000.0
S003,B6-U018,Lite,2026-01-15,2026-04-14,canceled,50000.0
S004,B6-U019,Premium,2025-11-20,2026-01-19,canceled,150000.0
S005,B6-U020,Lite,2026-03-05,,active,50000.0
B137-S001,B6-U018,Lite,2026-01-01,2026-01-06,canceled,50000.0
B137-S002,B6-U018,Premium,2026-01-15,2026-12-31,canceled,150000.0
B138-S001,B6-U019,Premium,2025-12-24,,active,150000.0
B138-S002,B6-U019,Lite,2026-01-10,2026-03-10,canceled,50000.0
B139-S001,B6-U020,Lite,2026-01-01,2026-01-15,canceled,50000.0
B139-S002,B6-U020,Premium,2026-02-15,2026-02-22,canceled,150000.0
B140-S001,B7-U001,Lite,2026-01-13,2026-07-13,active,50000.0
B140-S002,B7-U001,Premium,2026-07-14,,active,150000.0
B141-S001,B7-U002,Premium,2026-01-13,2027-01-12,active,150000.0
B141-S002,B7-U002,Lite,2025-08-01,,canceled,50000.0
B142-S001,B7-U003,Lite,2026-01-12,2026-01-21,canceled,50000.0
B142-S002,B7-U003,Premium,2026-07-12,,active,150000.0
B143-S001,B7-U004,Lite,2026-01-12,2026-06-12,active,50000.0
B143-S002,B7-U004,Premium,2026-06-13,2026-06-23,canceled,150000.0
B144-S001,B7-U005,Premium,2026-01-10,2026-02-09,canceled,150000.0
B144-S002,B7-U005,Lite,2026-02-10,,active,50000.0
B144-S003,B7-U005,Premium,2026-03-01,2026-03-13,canceled,150000.0
S001,B7-U006,Lite,2026-01-15,2026-06-14,active,50000.0
S002,B7-U006,Premium,2026-06-15,,active,150000.0
B146-S001,B7-U007,Premium,2026-01-07,2026-07-07,active,150000.0
B146-S002,B7-U007,Lite,2026-01-07,,active,50000.0
B146-S003,B7-U007,Premium,2026-05-08,2026-05-23,canceled,150000.0
S001,B7-U008,Lite,2026-01-08,,active,50000.0
S002,B7-U008,Premium,2026-02-15,2026-04-15,canceled,150000.0
S003,B7-U008,Lite,2026-05-01,,active,50000.0
B148-S001,B7-U009,Premium,2026-01-10,2027-01-09,active,150000.0
B148-S002,B7-U009,Lite,2025-11-15,,active,50000.0
B149-S001,B7-U010,Lite,2026-01-04,2026-07-04,active,50000.0
B149-S002,B7-U010,Premium,2026-07-05,,active,150000.0
B149-S003,B7-U020,Lite,2026-02-15,2026-02-24,canceled,50000.0
B150-S001,B7-U011,Premium,2026-01-04,2026-01-11,canceled,150000.0
B150-S002,B7-U011,Lite,2026-02-01,2026-07-01,canceled,50000.0
S001,B7-U012,Lite,2026-01-02,2026-07-02,active,50000.0
S002,B7-U012,Premium,2026-07-03,,active,150000.0
B152-S001,B7-U013,Lite,2026-01-02,2026-07-01,active,50000.0
B152-S002,B7-U013,Premium,2026-07-02,,active,150000.0
B153-S001,B7-U014,Premium,2025-12-31,2026-12-31,active,150000.0
B153-S002,B7-U014,Lite,2026-01-15,,active,50000.0
B154-S001,B7-U015,Lite,2026-01-15,2026-01-24,canceled,50000.0
B154-S002,B7-U015,Premium,2026-04-15,,active,150000.0
S001,B7-U016,Premium,2026-01-01,2026-01-22,canceled,150000.0
S002,B7-U016,Lite,2026-02-01,,active,50000.0
S001,B7-U017,Lite,2025-12-28,2026-01-10,canceled,50000.0
S002,B7-U017,Premium,2026-03-01,,active,150000.0
B157-S001,B7-U018,Premium,2026-01-05,2026-01-19,canceled,150000.0
B157-S002,B7-U018,Lite,2025-12-28,2026-12-28,active,50000.0
S001,B7-U019,Lite,2025-12-26,2026-01-25,active,50000.0
S002,B7-U019,Premium,2026-01-26,2026-02-02,canceled,150000.0
S001,B7-U020,Premium,2026-01-02,2026-12-31,active,150000.0
S002,B7-U020,Lite,2025-12-26,,active,50000.0
S003,B7-U020,Lite,2026-02-15,,active,50000.0
S004,B7-U021,Premium,2026-01-10,2027-01-09,active,150000.0
B160-S001,B8-U001,Lite,2026-01-20,2026-04-19,active,50000.0
B160-S002,B8-U001,Premium,2026-05-01,,active,150000.0
B160-S003,B8-U001,Lite,2026-07-10,,active,50000.0
B161-S001,B8-U002,Lite,2026-01-12,2026-01-24,canceled,50000.0
B161-S002,B8-U002,Premium,2026-04-13,2026-04-27,canceled,150000.0
S001,B8-U003,Premium,2026-01-15,2026-02-04,canceled,150000.0
S002,B8-U003,Lite,2025-11-20,2026-11-19,canceled,50000.0
S003,B8-U003,Premium,2026-03-01,2026-03-15,canceled,150000.0
B163-S001,B8-U004,Lite,2026-01-15,2026-04-14,canceled,50000.0
B163-S002,B8-U004,Premium,2026-04-15,,active,150000.0
B164-S001,B8-U005,Premium,2026-01-09,2026-07-09,active,150000.0
B164-S002,B8-U005,Lite,2026-07-10,2027-07-10,active,50000.0
B165-S001,B8-U006,Lite,2026-01-09,,active,50000.0
B165-S002,B8-U006,Premium,2026-03-10,,active,150000.0
B166-S001,B8-U007,Lite,2026-01-07,2026-01-13,canceled,50000.0
B166-S002,B8-U007,Premium,2026-04-08,,active,150000.0
B166-S003,B8-U007,Lite,2026-03-15,2026-09-15,canceled,50000.0
S001,B8-U008,Premium,2026-01-10,,active,150000.0
S002,B8-U008,Lite,2026-02-12,,active,50000.0
S003,B8-U008,Premium,2026-08-03,,active,150000.0
B168-S001,B8-U009,Lite,2026-01-05,2026-02-04,active,50000.0
B168-S002,B8-U009,Premium,2026-02-05,2026-08-04,canceled,150000.0
S001,B8-U010,Premium,2026-01-15,2026-07-15,active,150000.0
S002,B8-U010,Lite,2026-02-01,,active,50000.0
S003,B8-U010,Lite,2026-09-01,,active,50000.0
B170-S001,B8-U011,Lite,2026-01-04,2026-02-03,active,50000.0
B170-S002,B8-U011,Premium,2026-02-04,,active,150000.0
B171-S001,B8-U012,Premium,2026-01-02,2026-07-02,active,150000.0
B171-S002,B8-U012,Lite,2026-01-02,2026-04-02,canceled,50000.0
B171-S003,B8-U012,Premium,2026-04-03,2026-04-14,canceled,150000.0
S001,B8-U013,Lite,2026-01-15,2026-01-20,canceled,50000.0
S002,B8-U013,Premium,2026-08-01,,active,150000.0
S003,B8-U013,Lite,2026-02-01,2026-08-01,canceled,50000.0
S001,B8-U014,Premium,2026-01-02,,active,150000.0
S002,B8-U014,Lite,2025-06-15,,active,50000.0
B174-S001,B8-U015,Lite,2026-01-01,,active,50000.0
B174-S002,B8-U015,Premium,2026-01-01,2026-12-31,canceled,150000.0
S001,B8-U016,Premium,2026-01-01,2026-12-31,active,150000.0
S002,B8-U016,Lite,2026-02-15,,active,50000.0
S003,B8-U016,Lite,2026-05-01,2026-08-31,canceled,50000.0
S001,B8-U017,Lite,2026-01-01,,active,50000.0
S002,B8-U017,Premium,2026-01-25,2026-12-31,canceled,150000.0
S003,B8-U018,Lite,2026-02-10,,active,50000.0
S004,B8-U019,Premium,2026-02-20,,active,150000.0
B177-S001,B8-U018,Premium,2025-12-27,2026-01-08,canceled,150000.0
B177-S002,B8-U018,Lite,2026-01-10,,active,50000.0
B178-S001,B8-U019,Lite,2025-12-26,2026-02-25,active,50000.0
B178-S002,B8-U019,Premium,2026-02-26,,active,150000.0
S003,B8-U019,Lite,2026-03-15,2026-08-14,canceled,50000.0
S001,B8-U020,Premium,2026-01-01,,active,150000.0
S002,B8-U020,Lite,2025-12-28,,active,50000.0
S003,B8-U020,Premium,2025-07-15,2026-07-15,canceled,150000.0
S004,B8-U021,Lite,2026-01-05,,active,50000.0
S005,B8-U021,Premium,2025-11-20,2026-11-20,active,150000.0
S001,B9-U001,Lite,2026-01-12,2026-02-11,active,50000.0
S002,B9-U001,Premium,2026-02-12,,active,150000.0
S003,B9-U001,Lite,2026-03-01,2026-04-30,canceled,50000.0
S004,B9-U001,Premium,2026-05-01,2026-05-10,canceled,150000.0
B181-S001,B9-U002,Lite,2026-02-01,,active,50000.0
B181-S002,B9-U002,Premium,2026-08-01,2026-08-25,canceled,150000.0
B181-S003,B9-U002,Lite,2026-10-15,,active,50000.0
B182-S001,B9-U003,Premium,2026-01-04,2026-04-04,active,150000.0
B182-S002,B9-U003,Lite,2026-04-05,,active,50000.0
S001,B9-U004,Lite,2026-01-09,2026-01-18,canceled,50000.0
S002,B9-U004,Premium,2026-02-09,,active,150000.0
S003,B9-U004,Lite,2026-03-01,2026-03-31,canceled,50000.0
S004,B9-U004,Premium,2026-04-10,2026-07-10,canceled,150000.0
S001,B9-U005,Premium,2026-01-02,2026-07-02,active,150000.0
S002,B9-U005,Lite,2026-07-03,,active,50000.0
S003,B9-U005,Premium,2027-01-02,,active,150000.0
S001,B9-U006,Lite,2026-01-11,2026-01-20,canceled,50000.0
S002,B9-U006,Premium,2026-02-15,,active,150000.0
B186-S001,B9-U007,Premium,2026-01-04,2026-07-04,active,150000.0
B186-S002,B9-U007,Lite,2026-08-01,,active,50000.0
S001,B9-U008,Lite,2026-01-15,2026-04-14,active,50000.0
S002,B9-U008,Premium,2026-04-15,,active,150000.0
S001,B9-U009,Lite,2026-01-02,2026-07-01,active,50000.0
S002,B9-U009,Premium,2026-07-02,2026-07-16,canceled,150000.0
S003,B9-U009,Lite,2026-07-02,2027-07-01,canceled,50000.0
S001,B9-U010,Premium,2026-01-06,,active,150000.0
S002,B9-U010,Lite,2026-01-20,2026-02-20,canceled,50000.0
B190-S001,B9-U011,Lite,2026-01-12,2027-01-11,active,50000.0
B190-S002,B9-U011,Premium,2026-07-01,,active,150000.0
B190-S003,B9-U011,Lite,2025-12-01,2026-11-30,canceled,50000.0
B191-S001,B9-U012,Premium,2026-01-12,2026-07-12,active,150000.0
B191-S002,B9-U012,Lite,2026-07-13,,active,50000.0
B191-S003,B9-U012,Premium,2026-12-01,,active,150000.0
B192-S001,B9-U013,Lite,2026-01-03,,active,50000.0
B192-S002,B9-U013,Premium,2026-03-03,,active,150000.0
B192-S003,B9-U014,Lite,2026-01-15,2026-07-14,canceled,50000.0
B192-S004,B9-U015,Premium,2026-02-01,,active,150000.0
B193-S001,B9-U014,Premium,2026-01-13,2026-01-31,canceled,150000.0
B193-S002,B9-U014,Lite,2026-02-13,,active,50000.0
B193-S003,B9-U015,Premium,2026-01-20,,active,150000.0
B194-S001,B9-U015,Lite,2026-01-10,2026-04-09,active,50000.0
B194-S002,B9-U015,Premium,2026-04-10,2026-04-17,canceled,150000.0
B194-S003,B9-U015,Lite,2026-05-01,,active,50000.0
B195-S001,B9-U016,Premium,2026-01-05,2026-12-31,active,150000.0
B195-S002,B9-U016,Lite,2026-02-01,,active,50000.0
B196-S001,B9-U017,Lite,2026-01-04,2026-04-04,active,50000.0
B196-S002,B9-U017,Premium,2026-02-15,,active,150000.0
B196-S003,B9-U018,Lite,2026-01-28,2026-07-28,canceled,50000.0
B196-S004,B9-U018,Premium,2026-03-10,,active,150000.0
B196-S005,B9-U019,Lite,2026-01-20,2026-05-20,canceled,50000.0
B197-S001,B9-U018,Premium,2026-01-12,2026-07-12,active,150000.0
B197-S002,B9-U018,Lite,2025-12-01,,active,50000.0
B198-S001,B9-U019,Lite,2026-01-06,2026-04-05,active,50000.0
B198-S002,B9-U019,Premium,2026-04-06,2026-04-15,canceled,150000.0
B199-S001,B9-U020,Premium,2026-01-10,,active,150000.0
B199-S002,B9-U020,Lite,2026-02-15,,active,50000.0
B200-S001,B10-U001,Lite,2026-01-12,2026-07-12,active,50000.0
B200-S002,B10-U001,Premium,2026-07-13,2026-08-02,canceled,150000.0
B200-S003,B10-U001,Lite,2026-12-01,,active,50000.0
B201-S001,B10-U002,Lite,2026-01-11,2026-02-10,active,50000.0
B201-S002,B10-U002,Premium,2026-02-15,,active,150000.0
S001,B10-U003,Premium,2026-01-15,2026-01-26,canceled,150000.0
S002,B10-U003,Lite,2026-07-16,2027-07-15,active,50000.0
B203-S001,B10-U004,Lite,2026-01-08,2026-05-07,active,50000.0
B203-S002,B10-U004,Premium,2026-05-08,2026-05-18,canceled,150000.0
B203-S003,B10-U004,Lite,2026-07-01,,active,50000.0
S001,B10-U005,Premium,2026-01-07,,active,150000.0
S002,B10-U005,Lite,2026-02-15,,active,50000.0
B205-S001,B10-U006,Lite,2026-01-06,2026-04-05,active,50000.0
B205-S002,B10-U006,Premium,2026-04-06,,active,150000.0
S001,B10-U007,Premium,2026-01-05,,active,150000.0
S002,B10-U007,Lite,2026-02-01,2026-07-31,canceled,50000.0
B207-S001,B10-U008,Lite,2026-01-04,2026-04-04,canceled,50000.0
B207-S002,B10-U008,Premium,2026-04-05,2026-04-28,canceled,150000.0
B207-S003,B10-U009,Lite,2026-01-15,,active,50000.0
B207-S004,B10-U009,Premium,2026-07-01,,active,150000.0
S001,B10-U009,Premium,2026-01-04,2026-12-31,active,150000.0
S002,B10-U009,Lite,2026-02-01,,active,50000.0
B209-S001,B10-U010,Lite,2026-01-10,2026-07-10,active,50000.0
B209-S002,B10-U010,Premium,2026-08-15,,active,150000.0
B209-S003,B10-U010,Lite,2026-02-01,2026-06-01,canceled,50000.0
B209-S004,B10-U012,Lite,2026-01-20,2026-01-26,canceled,50000.0
B210-S001,B10-U011,Premium,2026-01-15,2027-01-14,active,150000.0
B210-S002,B10-U011,Lite,2025-12-01,2026-12-31,active,50000.0
S001,B10-U012,Lite,2026-01-01,,active,50000.0
S002,B10-U012,Premium,2026-04-01,2026-04-05,canceled,150000.0
S003,B10-U012,Lite,2026-05-01,,active,50000.0
B212-S001,B10-U013,Premium,2026-01-01,2026-01-12,canceled,150000.0
B212-S002,B10-U013,Lite,2026-05-01,,active,50000.0
B213-S001,B10-U014,Lite,2026-01-01,2026-01-12,canceled,50000.0
B213-S002,B10-U014,Premium,2026-02-01,,active,150000.0
S001,B10-U015,Premium,2025-12-28,2026-06-28,active,150000.0
S002,B10-U015,Lite,2026-06-29,2026-07-13,canceled,50000.0
S003,B10-U015,Premium,2026-07-01,2026-07-13,canceled,150000.0
S001,B10-U016,Lite,2026-01-10,2026-01-22,canceled,50000.0
S002,B10-U016,Premium,2026-05-11,,active,150000.0
S003,B10-U016,Lite,2026-07-01,2026-12-31,canceled,50000.0
B216-S001,B10-U017,Lite,2026-01-02,2026-02-02,active,50000.0
B216-S002,B10-U017,Premium,2026-02-03,2026-02-10,canceled,150000.0
B216-S003,B10-U017,Lite,2026-02-15,2026-04-15,canceled,50000.0
B217-S001,B10-U018,Premium,2026-01-01,2026-06-30,active,150000.0
B217-S002,B10-U018,Lite,2026-07-01,,active,50000.0
B218-S001,B10-U019,Lite,2025-12-24,2025-12-30,canceled,50000.0
B218-S002,B10-U019,Premium,2026-01-15,2026-01-21,canceled,150000.0
B219-S001,B10-U020,Premium,2025-12-23,2026-06-23,active,150000.0
B219-S002,B10-U020,Lite,2026-07-24,,active,50000.0
S001,B11-U001,Lite,2026-01-10,2026-02-09,active,50000.0
S002,B11-U001,Premium,2026-02-10,,active,150000.0
B221-S001,B11-U002,Lite,2026-01-04,2026-03-04,active,50000.0
B221-S002,B11-U002,Premium,2026-03-05,2026-03-17,canceled,150000.0
B221-S003,B11-U002,Lite,2026-05-01,2026-05-11,canceled,50000.0
B222-S001,B11-U003,Premium,2026-01-12,2026-01-19,canceled,150000.0
B222-S002,B11-U003,Lite,2026-07-13,,active,50000.0
S001,B11-U004,Premium,2026-01-10,2026-12-31,active,150000.0
S002,B11-U004,Lite,2026-02-15,,active,50000.0
B224-S001,B11-U005,Lite,2026-01-03,2026-03-02,active,50000.0
B224-S002,B11-U005,Premium,2026-03-03,2026-09-02,active,150000.0
B224-S003,B11-U005,Lite,2026-09-03,,active,50000.0
B225-S001,B11-U006,Lite,2026-01-11,2026-01-20,canceled,50000.0
B225-S002,B11-U006,Premium,2026-05-12,,active,150000.0
B226-S001,B11-U007,Premium,2026-01-02,2026-07-02,active,150000.0
B226-S002,B11-U007,Lite,2026-07-03,2026-07-17,canceled,50000.0
S001,B11-U008,Lite,2026-01-10,2026-02-09,active,50000.0
S002,B11-U008,Premium,2026-04-15,,active,150000.0
S003,B11-U008,Lite,2026-06-01,,active,50000.0
S004,B11-U009,Lite,2026-01-20,,active,50000.0
S005,B11-U009,Premium,2026-12-01,,active,150000.0
B228-S001,B11-U009,Premium,2026-01-07,,active,150000.0
B228-S002,B11-U009,Lite,2026-02-01,2026-05-31,canceled,50000.0
S001,B11-U010,Lite,2026-01-10,2026-01-31,active,50000.0
S002,B11-U010,Premium,2026-02-01,2026-06-30,canceled,150000.0
S003,B11-U010,Lite,2026-03-15,,active,50000.0
S004,B11-U010,Premium,2026-04-01,,active,150000.0
B230-S001,B11-U011,Premium,2026-01-13,2026-07-13,active,150000.0
B230-S002,B11-U011,Lite,2025-11-01,2025-11-06,canceled,50000.0
B231-S001,B11-U012,Lite,2026-01-10,2026-02-10,active,50000.0
B231-S002,B11-U012,Premium,2026-02-11,2026-02-14,canceled,150000.0
B232-S001,B11-U013,Lite,2026-01-10,,active,50000.0
B232-S002,B11-U013,Premium,2026-01-20,2026-02-20,canceled,150000.0
B233-S001,B11-U014,Premium,2026-01-03,2026-07-03,active,150000.0
B233-S002,B11-U014,Lite,2026-07-04,,active,50000.0
B234-S001,B11-U015,Lite,2026-01-10,2026-04-09,canceled,50000.0
B234-S002,B11-U015,Premium,2026-04-10,2026-04-17,canceled,150000.0
B235-S001,B11-U016,Premium,2026-01-04,,active,150000.0
B235-S002,B11-U016,Lite,2026-02-01,2026-07-31,canceled,50000.0
B236-S001,B11-U017,Premium,2026-01-12,2026-02-02,canceled,150000.0
B236-S002,B11-U017,Lite,2026-02-01,2026-07-31,canceled,50000.0
B236-S003,B11-U018,Premium,2026-01-20,2026-01-28,canceled,150000.0
S001,B11-U018,Lite,2026-01-08,2026-01-14,canceled,50000.0
S002,B11-U018,Premium,2026-02-08,,active,150000.0
S003,B11-U018,Lite,2026-03-01,2026-03-31,canceled,50000.0
S004,B11-U018,Premium,2026-04-01,2026-06-30,active,150000.0
B238-S001,B11-U019,Lite,2026-01-10,2026-01-15,canceled,50000.0
B238-S002,B11-U019,Premium,2026-04-11,,active,150000.0
S001,B11-U020,Premium,2026-01-12,2026-04-12,active,150000.0
S002,B11-U020,Lite,2026-04-13,2026-10-12,canceled,50000.0
S003,B11-U020,Premium,2026-10-13,,active,150000.0
B240-S001,B12-U001,Lite,2026-01-04,2026-07-04,active,50000.0
B240-S002,B12-U001,Premium,2026-07-05,2026-07-13,canceled,150000.0
B240-S003,B12-U001,Lite,2026-08-01,,active,50000.0
S001,B12-U002,Lite,2026-01-07,2026-02-07,active,50000.0
S002,B12-U002,Premium,2026-02-08,2026-02-13,canceled,150000.0
S003,B12-U002,Lite,2026-09-01,,active,50000.0
B242-S001,B12-U003,Premium,2026-01-08,2026-12-31,active,150000.0
B242-S002,B12-U003,Lite,2026-02-01,,active,50000.0
B243-S001,B12-U004,Lite,2026-01-09,2026-04-08,active,50000.0
B243-S002,B12-U004,Premium,2026-04-09,2026-04-27,canceled,150000.0
B244-S001,B12-U005,Premium,2026-01-10,,active,150000.0
B244-S002,B12-U005,Lite,2026-02-15,2026-08-14,canceled,50000.0
B245-S001,B12-U006,Lite,2026-01-12,2026-01-22,canceled,50000.0
B245-S002,B12-U006,Premium,2026-02-12,2026-03-04,canceled,150000.0
B245-S003,B12-U006,Lite,2026-03-01,2026-03-08,canceled,50000.0
S001,B12-U007,Premium,2026-01-12,2026-01-28,canceled,150000.0
S002,B12-U007,Lite,2026-06-13,,active,50000.0
B247-S001,B12-U008,Lite,2026-01-13,,active,50000.0
B247-S002,B12-U008,Premium,2026-02-15,,active,150000.0
S001,B12-U009,Premium,2026-01-12,2026-01-18,canceled,150000.0
S002,B12-U009,Lite,2026-02-01,,active,50000.0
S001,B12-U010,Lite,2026-01-13,2026-03-12,active,50000.0
S002,B12-U010,Premium,2026-03-13,,active,150000.0
S003,B12-U010,Lite,2026-05-10,,active,50000.0
S004,B12-U010,Lite,2026-05-10,2026-08-09,canceled,50000.0
B250-S001,B12-U011,Premium,2026-01-04,2026-01-12,canceled,150000.0
B250-S002,B12-U011,Lite,2025-12-01,,active,50000.0
B250-S003,B12-U012,Premium,2026-02-15,,active,150000.0
S001,B12-U012,Lite,2026-01-10,2027-01-10,active,50000.0
S002,B12-U012,Premium,2026-06-15,2026-07-08,canceled,150000.0
B252-S001,B12-U013,Premium,2026-01-06,2026-01-12,canceled,150000.0
B252-S002,B12-U013,Lite,2026-02-15,,active,50000.0
B253-S001,B12-U014,Lite,2026-01-07,2026-03-07,active,50000.0
B253-S002,B12-U014,Premium,2026-03-08,,active,150000.0
B254-S001,B12-U015,Premium,2026-01-20,2027-01-19,active,150000.0
B254-S002,B12-U015,Lite,2025-10-12,,active,50000.0
B254-S003,B12-U015,Premium,2026-03-05,,active,150000.0
B255-S001,B12-U016,Lite,2026-01-10,2026-02-09,active,50000.0
B255-S002,B12-U016,Premium,2026-02-10,2026-03-05,canceled,150000.0
B255-S003,B12-U017,Lite,2026-01-15,2026-03-15,canceled,50000.0
B255-S004,B12-U017,Premium,2026-03-16,2026-03-25,canceled,150000.0
B255-S005,B12-U018,Lite,2026-01-25,,active,50000.0
B256-S001,B12-U017,Lite,2026-01-15,,active,50000.0
B256-S002,B12-U017,Premium,2026-02-15,2026-08-15,canceled,150000.0
B256-S003,B12-U017,Lite,2026-09-01,,active,50000.0
S001,B12-U018,Premium,2026-01-11,2026-01-29,canceled,150000.0
S002,B12-U018,Lite,2025-11-01,2026-04-30,canceled,50000.0
S001,B12-U019,Lite,2026-01-12,2026-01-16,canceled,50000.0
S002,B12-U019,Premium,2026-02-12,,active,150000.0
S003,B12-U019,Lite,2026-03-01,,active,50000.0
B259-S001,B12-U020,Premium,2026-01-13,2026-04-13,active,150000.0
B259-S002,B12-U020,Lite,2026-04-14,2026-06-14,canceled,50000.0
B260-S001,B13-U001,Lite,2026-01-07,,active,50000.0
B260-S002,B13-U001,Premium,2026-02-07,2026-08-07,canceled,150000.0
B261-S001,B13-U002,Premium,2026-01-07,2026-01-18,canceled,150000.0
B261-S002,B13-U002,Lite,2026-01-07,,active,50000.0
B262-S001,B13-U003,Lite,2026-01-08,2026-02-07,active,50000.0
B262-S002,B13-U003,Premium,2026-02-08,,active,150000.0
S001,B13-U004,Lite,2026-01-09,2026-02-08,active,50000.0
S002,B13-U004,Premium,2026-02-09,,active,150000.0
S003,B13-U004,Lite,2026-03-01,2026-03-31,canceled,50000.0
B264-S001,B13-U005,Premium,2026-01-10,2026-07-10,active,150000.0
B264-S002,B13-U005,Lite,2026-07-11,,active,50000.0
B264-S003,B13-U005,Premium,2026-01-10,2026-12-31,canceled,150000.0
S001,B13-U006,Lite,2026-01-12,2026-02-11,active,50000.0
S002,B13-U006,Premium,2026-02-12,,active,150000.0
S003,B13-U006,Lite,2026-03-01,2026-03-31,canceled,50000.0
B266-S001,B13-U007,Lite,2026-01-12,2026-07-12,active,50000.0
B266-S002,B13-U007,Premium,2026-07-13,,active,150000.0
B267-S001,B13-U008,Premium,2026-01-13,2026-01-21,canceled,150000.0
B267-S002,B13-U008,Lite,2026-02-10,,active,50000.0
B267-S003,B13-U008,Premium,2025-12-01,2026-01-31,canceled,150000.0
B268-S001,B13-U009,Lite,2026-01-04,2026-03-04,active,50000.0
B268-S002,B13-U009,Premium,2026-03-05,,active,150000.0
B269-S001,B13-U010,Premium,2026-01-06,,active,150000.0
B269-S002,B13-U010,Lite,2026-01-12,2026-12-31,canceled,50000.0
B270-S001,B13-U011,Lite,2026-01-15,2026-01-26,canceled,50000.0
B270-S002,B13-U011,Premium,2026-07-16,,active,150000.0
B271-S001,B13-U012,Premium,2026-01-03,2026-07-03,active,150000.0
B271-S002,B13-U012,Lite,2026-02-01,,canceled,50000.0
B272-S001,B13-U013,Lite,2026-01-15,2026-07-15,active,50000.0
B272-S002,B13-U013,Premium,2026-07-16,2026-07-25,canceled,150000.0
B273-S001,B13-U014,Premium,2026-01-15,2026-04-15,active,150000.0
B273-S002,B13-U014,Lite,2026-04-16,,active,50000.0
B274-S001,B13-U015,Lite,2026-02-01,,active,50000.0
B274-S002,B13-U015,Premium,2026-05-01,,active,150000.0
B275-S001,B13-U016,Premium,2026-01-02,2026-12-31,active,150000.0
B275-S002,B13-U016,Lite,2026-02-01,,active,50000.0
S001,B13-U017,Lite,2026-01-20,2026-03-19,active,50000.0
S002,B13-U017,Premium,2026-03-20,,active,150000.0
S003,B13-U017,Lite,2026-06-01,2026-11-30,canceled,50000.0
S004,B13-U018,Lite,2026-02-10,2026-07-09,canceled,50000.0
S005,B13-U018,Premium,2026-07-10,,active,150000.0
S006,B13-U019,Lite,2026-01-25,,active,50000.0
S001,B13-U018,Premium,2026-01-20,2026-07-20,active,150000.0
S002,B13-U018,Lite,2025-12-15,2026-02-15,canceled,50000.0
B278-S001,B13-U019,Lite,2026-01-20,2026-02-19,active,50000.0
B278-S002,B13-U019,Premium,2026-02-20,2026-02-28,canceled,150000.0
B278-S003,B13-U019,Lite,2026-03-01,2026-04-30,canceled,50000.0
B279-S001,B13-U020,Premium,2026-01-21,2026-12-20,active,150000.0
B279-S002,B13-U020,Lite,2026-02-15,2026-11-14,canceled,50000.0
S001,B14-U001,Lite,2026-01-13,,active,50000.0
S002,B14-U001,Premium,2026-02-10,2026-03-06,canceled,150000.0
S003,B14-U001,Lite,2026-03-15,,active,50000.0
S004,B23-U002,Lite,2026-01-20,,active,50000.0
S005,B23-U002,Premium,2026-05-05,2026-12-31,canceled,150000.0
S006,B45-U003,Lite,2026-02-02,,active,50000.0
S001,B14-U002,Lite,2026-01-12,2026-02-11,active,50000.0
S002,B14-U002,Premium,2026-02-12,,active,150000.0
S003,B14-U002,Lite,2026-03-01,2026-06-30,canceled,50000.0
S001,B14-U003,Premium,2026-01-12,,active,150000.0
S002,B14-U003,Lite,2026-01-25,,active,50000.0
B283-S001,B14-U004,Lite,2026-01-10,,active,50000.0
B283-S002,B14-U004,Premium,2026-02-15,2026-02-22,canceled,150000.0
B284-S001,B14-U005,Premium,2026-01-09,2026-01-31,canceled,150000.0
B284-S002,B14-U005,Lite,2026-01-15,,active,50000.0
B285-S001,B14-U006,Lite,2026-01-08,,active,50000.0
B285-S002,B14-U006,Premium,2026-02-15,2026-07-15,canceled,150000.0
B286-S001,B14-U007,Premium,2026-01-10,2026-09-10,active,150000.0
B286-S002,B14-U007,Lite,2026-02-15,2026-10-15,canceled,50000.0
S001,B14-U008,Lite,2026-01-06,2026-04-05,active,50000.0
S002,B14-U008,Premium,2026-04-06,,active,150000.0
S003,B14-U008,Lite,2026-08-01,,active,50000.0
S004,B14-U008,Lite,2026-02-01,2026-03-01,canceled,50000.0
B288-S001,B14-U009,Premium,2026-01-15,2026-01-23,canceled,150000.0
B288-S002,B14-U009,Lite,2026-02-20,2026-03-02,canceled,50000.0
S001,B14-U010,Lite,2026-01-04,2026-04-04,active,50000.0
S002,B14-U010,Premium,2026-04-05,,active,150000.0
S003,B14-U010,Lite,2026-04-10,2026-10-09,canceled,50000.0
S004,B14-U010,Lite,2026-01-20,2026-02-19,canceled,50000.0
B290-S001,B14-U011,Premium,2026-01-03,,active,150000.0
B290-S002,B14-U011,Lite,2026-02-01,2026-08-31,canceled,50000.0
B290-S003,B14-U011,Premium,2026-09-01,2026-09-15,canceled,150000.0
B291-S001,B14-U012,Lite,2026-01-02,2026-04-02,active,50000.0
B291-S002,B14-U012,Premium,2026-04-03,2026-04-06,canceled,150000.0
S001,B14-U013,Premium,2026-01-01,2026-12-31,active,150000.0
S002,B14-U013,Lite,2025-07-15,2026-01-14,canceled,50000.0
S003,B14-U....,Premium,2025-04-20,2026-04-19,active,150000.0
S001,B14-U014,Lite,2026-01-02,,active,50000.0
S002,B14-U014,Premium,2026-01-15,2026-08-15,canceled,150000.0
B294-S001,B14-U015,Premium,2025-12-30,2026-12-29,active,150000.0
B294-S002,B14-U015,Lite,2026-01-15,2026-07-14,canceled,50000.0
B295-S001,B14-U016,Lite,2026-01-01,2026-02-01,active,50000.0
B295-S002,B14-U016,Premium,2026-02-02,2026-02-16,canceled,150000.0
S001,B14-U017,Lite,2026-01-01,2026-06-30,active,50000.0
S002,B14-U017,Premium,2026-07-01,,active,150000.0
B297-S001,B14-U018,Premium,2026-01-01,2026-01-08,canceled,150000.0
B297-S002,B14-U018,Lite,2025-12-27,,active,50000.0
B298-S001,B14-U019,Lite,2026-01-01,2026-06-30,active,50000.0
B298-S002,B14-U019,Premium,2026-07-01,,active,150000.0
B299-S001,B14-U020,Premium,2025-12-26,,active,150000.0
B299-S002,B14-U020,Lite,2026-02-15,2026-12-31,canceled,50000.0
B300-S001,B15-U001,Lite,2026-06-01,2026-06-14,canceled,50000.0
B300-S002,B15-U001,Premium,2026-11-01,2026-11-06,canceled,150000.0
S001,B15-U002,Lite,2026-01-11,2026-02-10,active,50000.0
S002,B15-U002,Premium,2026-02-11,,active,150000.0
B302-S001,B15-U003,Premium,2026-01-15,,active,150000.0
B302-S002,B15-U003,Lite,2026-02-01,2026-07-31,canceled,50000.0
B303-S001,B15-U004,Lite,2026-01-02,2026-03-02,active,50000.0
B303-S002,B15-U004,Premium,2026-03-03,,active,150000.0
B304-S001,B15-U005,Premium,2026-01-10,2026-01-15,canceled,150000.0
B304-S002,B15-U005,Lite,2026-01-22,,active,50000.0
S001,B15-U006,Lite,2026-01-04,2026-03-04,active,50000.0
S002,B15-U006,Premium,2026-03-05,,active,150000.0
S003,B15-U006,Lite,2026-05-01,2026-12-01,canceled,50000.0
S004,B15-U010,Lite,2026-02-20,2026-06-20,canceled,50000.0
B306-S001,B15-U007,Premium,2026-01-15,2026-01-27,canceled,150000.0
B306-S002,B15-U007,Lite,2026-07-16,,active,50000.0
B307-S001,B15-U008,Lite,2026-01-10,2026-02-09,active,50000.0
B307-S002,B15-U008,Premium,2026-02-10,2026-03-03,canceled,150000.0
S001,B15-U009,Premium,2026-01-12,2026-07-12,active,150000.0
S002,B15-U009,Lite,2026-02-15,,active,50000.0
S003,B15-U009,Lite,2026-09-01,,active,50000.0
B309-S001,B15-U010,Lite,2026-01-06,2026-04-06,active,50000.0
B309-S002,B15-U010,Premium,2026-04-07,2027-04-07,active,150000.0
S001,B15-U011,Premium,2026-01-15,2026-07-15,active,150000.0
S002,B15-U011,Lite,2025-12-01,,active,50000.0
S003,B15-U011,Premium,2026-08-01,2026-08-05,canceled,150000.0
S001,B15-U012,Lite,2026-01-10,2026-02-09,active,50000.0
S002,B15-U012,Premium,2026-03-01,,active,150000.0
S003,B15-U012,Lite,2026-04-15,2026-05-14,canceled,50000.0
B312-S001,B15-U013,Premium,2026-01-13,,active,150000.0
B312-S002,B15-U013,Lite,2026-02-01,,active,50000.0
B313-S001,B15-U014,Lite,2026-01-05,2027-01-04,active,50000.0
B313-S002,B15-U014,Premium,2026-02-10,,active,150000.0
B314-S001,B15-U015,Premium,2026-01-04,2026-06-04,active,150000.0
B314-S002,B15-U015,Lite,2026-07-04,,active,50000.0
S001,B15-U016,Lite,2026-01-10,,active,50000.0
S002,B15-U016,Premium,2026-02-15,2026-08-15,canceled,150000.0
B316-S001,B15-U017,Premium,2026-01-07,,active,150000.0
B316-S002,B15-U017,Lite,2026-02-01,2026-06-30,canceled,50000.0
B317-S001,B15-U018,Lite,2026-01-02,2026-02-02,active,50000.0
B317-S002,B15-U018,Premium,2026-02-03,,active,150000.0
B318-S001,B15-U019,Lite,2026-02-01,2026-02-01,active,50000.0
B318-S002,B15-U019,Premium,2026-06-01,,active,150000.0
B319-S001,B15-U020,Premium,2026-01-09,2026-12-31,active,150000.0
B319-S002,B15-U020,Lite,2025-12-01,,active,50000.0
B319-S003,B15-U021,Premium,2026-02-15,,active,150000.0
B319-S004,B15-U021,Lite,2025-11-20,2025-11-24,canceled,50000.0
B319-S005,B15-U022,Lite,2026-01-25,,active,50000.0
S001,B16-U001,Lite,2026-01-20,2026-07-20,active,50000.0
S002,B16-U001,Premium,2026-08-01,2026-08-22,canceled,150000.0
S003,B16-U001,Lite,2027-02-15,,active,50000.0
B321-S001,B16-U002,Lite,2026-01-09,2026-04-09,active,50000.0
B321-S002,B16-U002,Premium,2026-04-10,2026-05-05,canceled,150000.0
S001,B16-U003,Premium,2026-01-08,2026-01-13,canceled,150000.0
S002,B16-U003,Lite,2026-04-09,2026-04-21,canceled,50000.0
S003,B16-U003,Lite,2025-11-01,2025-12-31,canceled,50000.0
S004,B16-U004,Premium,2026-01-12,2026-01-23,canceled,150000.0
S005,B16-U004,Lite,2026-09-13,,active,50000.0
B323-S001,B16-U004,Lite,2026-01-07,2026-02-07,active,50000.0
B323-S002,B16-U004,Premium,2026-02-08,2026-02-12,canceled,150000.0
B324-S001,B16-U005,Premium,2026-01-06,2026-01-29,canceled,150000.0
B324-S002,B16-U005,Lite,2026-07-07,,active,50000.0
S001,B16-U006,Lite,2026-01-04,2026-01-13,canceled,50000.0
S002,B16-U006,Premium,2026-02-01,2026-08-01,canceled,150000.0
S003,B16-U006,Lite,2026-03-15,2026-09-14,active,50000.0
B326-S001,B16-U007,Lite,2026-01-04,2026-03-04,active,50000.0
B326-S002,B16-U007,Premium,2026-04-04,2026-04-12,canceled,150000.0
B326-S003,B16-U007,Lite,2026-07-01,2026-12-31,canceled,50000.0
S001,B16-U008,Premium,2026-01-15,2026-12-31,active,150000.0
S002,B16-U008,Lite,2026-02-01,2026-07-31,canceled,50000.0
S003,B16-U009,Premium,2026-01-20,,active,150000.0
S004,B16-U010,Lite,2026-03-05,,active,50000.0
S001,B16-U009,Lite,2026-01-02,2026-04-02,active,50000.0
S002,B16-U009,Premium,2026-05-01,2026-05-10,canceled,150000.0
S003,B16-U009,Lite,2026-07-01,,active,50000.0
S001,B16-U010,Premium,2026-01-01,2026-01-09,canceled,150000.0
S002,B16-U010,Lite,2026-07-02,,active,50000.0
S001,B16-U011,Lite,2026-01-02,2026-02-02,active,50000.0
S002,B16-U011,Premium,2026-02-03,,active,150000.0
S001,B16-U012,Premium,2026-01-02,2026-01-08,canceled,150000.0
S002,B16-U012,Lite,2025-12-30,,active,50000.0
B332-S001,B16-U013,Lite,2026-01-03,2026-03-02,active,50000.0
B332-S002,B16-U013,Premium,2026-03-03,2026-09-02,active,150000.0
B333-S001,B16-U014,Lite,2026-01-02,2026-04-02,active,50000.0
B333-S002,B16-U014,Premium,2026-04-03,,active,150000.0
S001,B16-U015,Premium,2025-12-26,2026-06-26,active,150000.0
S002,B16-U015,Lite,2026-07-01,2026-07-14,canceled,50000.0
S003,B16-U015,Premium,2027-07-02,2027-07-15,canceled,150000.0
B335-S001,B16-U016,Lite,2026-01-01,,active,50000.0
B335-S002,B16-U016,Premium,2026-02-15,2026-12-15,canceled,150000.0
B336-S001,B16-U017,Premium,2026-01-05,2026-07-05,active,150000.0
B336-S002,B16-U017,Lite,2025-12-28,2026-05-28,canceled,50000.0
B336-S003,B16-U017,Premium,2026-01-15,2026-02-01,canceled,150000.0
B337-S001,B16-U018,Lite,2025-12-24,2026-01-23,active,50000.0
B337-S002,B16-U018,Premium,2026-01-24,,active,150000.0
B338-S001,B16-U019,Premium,2025-12-22,2026-12-21,active,150000.0
B338-S002,B16-U019,Lite,2026-01-02,,active,50000.0
B338-S003,B16-U020,Premium,2025-11-15,2026-11-14,canceled,150000.0
B338-S004,B16-U020,Lite,2026-02-01,,active,50000.0
S001,B16-U020,Lite,2026-01-01,2026-06-30,active,50000.0
S002,B16-U020,Premium,2026-07-01,,active,150000.0
S003,B16-U021,Lite,2026-01-15,,active,50000.0
S004,B16-U021,Premium,2026-08-15,2026-08-26,canceled,150000.0
B340-S001,B17-U001,Lite,2026-01-12,,active,50000.0
B340-S002,B17-U001,Premium,2026-02-15,2026-08-14,canceled,150000.0
B341-S001,B17-U002,Premium,2026-01-07,2026-04-07,canceled,150000.0
B341-S002,B17-U002,Lite,2026-04-08,2026-10-08,active,50000.0
B341-S003,B17-U002,Premium,2026-10-09,2026-10-30,canceled,150000.0
B342-S001,B17-U003,Lite,2026-01-03,,active,50000.0
B342-S002,B17-U003,Premium,2026-03-01,2026-10-31,canceled,150000.0
B343-S001,B17-U004,Premium,2026-01-11,2026-06-10,active,150000.0
B343-S002,B17-U004,Lite,2026-06-11,,active,50000.0
B343-S003,B17-U004,Premium,2026-07-01,2026-12-31,canceled,150000.0
B344-S001,B17-U005,Lite,2026-01-05,2026-01-08,canceled,50000.0
B344-S002,B17-U005,Premium,2026-04-05,2026-04-21,canceled,150000.0
B344-S003,B17-U005,Lite,2026-07-01,2026-12-31,canceled,50000.0
B345-S001,B17-U006,Lite,2026-01-10,2026-01-17,canceled,50000.0
B345-S002,B17-U006,Premium,2026-07-11,,active,150000.0
B345-S003,B17-U006,Lite,2026-02-01,,active,50000.0
S001,B17-U007,Premium,2026-01-10,2026-07-10,active,150000.0
S002,B17-U007,Lite,2026-02-15,,active,50000.0
B347-S001,B17-U008,Lite,2026-01-09,2027-01-08,active,50000.0
B347-S002,B17-U008,Premium,2026-02-01,2027-02-01,canceled,150000.0
B347-S003,B17-U008,Lite,2026-03-15,,active,50000.0
B348-S001,B17-U009,Premium,2026-01-04,2026-01-18,canceled,150000.0
B348-S002,B17-U009,Lite,2026-03-04,,active,50000.0
S001,B17-U010,Lite,2026-01-15,2026-07-14,active,50000.0
S002,B17-U010,Premium,2026-07-15,,active,150000.0
S003,B17-U010,Lite,2026-08-01,2026-11-30,canceled,50000.0
S001,B17-U011,Premium,2026-01-12,,active,150000.0
S002,B17-U011,Lite,2026-02-01,2026-03-31,canceled,50000.0
S001,B17-U012,Lite,2026-01-07,2026-02-07,active,50000.0
S002,B17-U012,Premium,2026-02-08,,active,150000.0
S003,B17-U012,Lite,2026-03-09,,active,50000.0
S004,B17-U013,Lite,2026-01-08,,active,50000.0
B352-S001,B17-U013,Premium,2026-01-13,,active,150000.0
B352-S002,B17-U013,Lite,2026-04-01,,active,50000.0
B353-S001,B17-U014,Lite,2026-01-02,2026-02-02,active,50000.0
B353-S002,B17-U014,Premium,2026-02-03,,active,150000.0
S003,B17-U014,Lite,2026-03-01,,active,50000.0
B354-S001,B17-U015,Premium,2026-01-12,,active,150000.0
B354-S002,B17-U015,Lite,2026-02-01,,active,50000.0
B355-S001,B17-U016,Lite,2026-01-07,2026-01-14,canceled,50000.0
B355-S002,B17-U016,Premium,2026-04-08,,active,150000.0
B355-S003,B17-U016,Lite,2026-05-01,2026-05-14,canceled,50000.0
B355-S004,B17-U017,Lite,2026-02-15,,active,50000.0
B355-S005,B17-U017,Premium,2026-05-16,2026-06-05,canceled,150000.0
B355-S006,B17-U018,Lite,2026-03-01,,active,50000.0
S001,B17-U017,Premium,2026-01-10,2026-04-09,active,150000.0
S002,B17-U017,Lite,2026-04-10,,active,50000.0
S003,B17-U018,Premium,2026-01-12,2026-07-11,canceled,150000.0
S004,B17-U019,Lite,2026-02-15,2026-05-14,canceled,50000.0
B357-S001,B17-U018,Lite,2026-01-05,,active,50000.0
B357-S002,B17-U018,Premium,2026-03-01,2026-08-31,canceled,150000.0
S001,B17-U019,Premium,2026-01-10,2026-07-10,active,150000.0
S002,B17-U019,Lite,2026-07-11,,active,50000.0
S001,B17-U020,Lite,2026-01-03,2026-04-03,active,50000.0
S002,B17-U020,Premium,2026-04-04,,active,150000.0
B360-S001,B18-U001,Lite,2026-01-15,,active,50000.0
B360-S002,B18-U001,Premium,2026-03-01,2026-12-31,canceled,150000.0
S001,B18-U002,Lite,2026-01-12,2026-01-15,canceled,50000.0
S002,B18-U002,Premium,2026-03-01,2026-08-31,canceled,150000.0
B362-S001,B18-U003,Premium,2026-01-11,2026-01-27,canceled,150000.0
B362-S002,B18-U003,Lite,2026-02-01,2026-08-01,canceled,50000.0
B363-S001,B18-U004,Lite,2026-01-09,2026-04-09,active,50000.0
B363-S002,B18-U004,Premium,2026-04-10,,active,150000.0
B364-S001,B18-U005,Premium,2026-01-09,2026-01-24,canceled,150000.0
B364-S002,B18-U005,Lite,2026-02-15,2026-06-14,canceled,50000.0
B365-S001,B18-U006,Lite,2026-01-10,,active,50000.0
B365-S002,B18-U006,Premium,2026-04-11,,active,150000.0
B365-S003,B18-U006,Lite,2026-05-01,,active,50000.0
B365-S004,B18-U007,Lite,2026-02-20,2026-08-20,canceled,50000.0
B366-S001,B18-U007,Lite,2026-01-06,2026-04-06,active,50000.0
B366-S002,B18-U007,Premium,2026-04-07,,active,150000.0
B366-S003,B18-U007,Lite,2026-05-01,2026-05-05,canceled,50000.0
B367-S001,B18-U008,Premium,2026-01-10,2026-01-24,canceled,150000.0
B367-S002,B18-U008,Lite,2026-01-20,2026-01-23,canceled,50000.0
B368-S001,B18-U009,Lite,2026-01-04,,active,50000.0
B368-S002,B18-U009,Premium,2026-02-04,,active,150000.0
B369-S001,B18-U010,Premium,2026-01-03,2026-07-03,active,150000.0
B369-S002,B18-U010,Lite,2026-02-01,2026-08-01,active,50000.0
B370-S001,B18-U011,Lite,2026-01-02,2026-03-02,canceled,50000.0
B370-S002,B18-U011,Premium,2026-03-03,2026-03-24,canceled,150000.0
B370-S003,B18-U012,Lite,2026-01-05,2026-07-05,canceled,50000.0
B370-S004,B18-U012,Premium,2026-07-06,2026-07-29,canceled,150000.0
B370-S005,B18-U013,Lite,2026-02-20,2026-09-20,canceled,50000.0
B371-S001,B18-U012,Premium,2026-01-01,,active,150000.0
B371-S002,B18-U012,Lite,2026-02-15,,active,50000.0
B372-S001,B18-U013,Lite,2026-01-01,2026-04-01,active,50000.0
B372-S002,B18-U013,Premium,2026-04-02,2026-04-19,canceled,150000.0
B373-S001,B18-U014,Premium,2026-01-01,,active,150000.0
B373-S002,B18-U014,Lite,2026-02-01,,active,50000.0
B374-S001,B18-U015,Lite,2025-12-29,2026-02-28,active,50000.0
B374-S002,B18-U015,Premium,2026-03-01,,active,150000.0
B375-S001,B18-U016,Lite,2026-01-10,2026-05-09,active,50000.0
B375-S002,B18-U016,Premium,2025-11-15,2025-12-05,canceled,150000.0
S001,B18-U017,Premium,2026-01-02,,active,150000.0
S002,B18-U017,Lite,2026-01-02,,active,50000.0
B377-S001,B18-U018,Lite,2025-12-26,2026-01-25,active,50000.0
B377-S002,B18-U018,Premium,2026-01-26,2026-02-20,canceled,150000.0
S001,B18-U019,Premium,2026-01-02,2026-01-10,canceled,150000.0
S002,B18-U019,Lite,2025-12-28,2026-01-28,canceled,50000.0
B379-S001,B18-U020,Lite,2026-01-02,2026-03-01,active,50000.0
B379-S002,B18-U020,Premium,2026-03-02,,active,150000.0
B379-S003,B18-U020,Lite,2026-03-15,,active,50000.0
B379-S004,B18-U020,Premium,2026-08-15,,active,150000.0
B380-S001,B19-U001,Lite,2026-01-13,2026-07-13,active,50000.0
B380-S002,B19-U001,Premium,2026-02-15,2026-02-23,canceled,150000.0
B380-S003,B19-U002,Lite,2026-03-01,2026-09-01,canceled,50000.0
B381-S001,B19-U002,Lite,2026-01-11,2026-07-11,active,50000.0
B381-S002,B19-U002,Premium,2026-01-11,2026-12-11,canceled,150000.0
B381-S003,B19-U002,Lite,2026-12-01,,active,50000.0
S001,B19-U003,Premium,2026-01-10,2026-02-04,canceled,150000.0
S002,B19-U003,Lite,2026-02-15,2026-05-14,canceled,50000.0
S003,B19-U003,Premium,2026-06-01,,active,150000.0
B383-S001,B19-U004,Lite,2026-01-02,2026-02-01,active,50000.0
B383-S002,B19-U004,Premium,2026-02-02,2026-02-22,canceled,150000.0
B384-S001,B19-U005,Lite,2026-01-06,2026-01-19,canceled,50000.0
B384-S002,B19-U005,Premium,2026-02-06,2026-02-22,canceled,150000.0
B385-S001,B19-U006,Premium,2026-01-09,2026-07-09,active,150000.0
B385-S002,B19-U006,Lite,2026-07-10,,active,50000.0
B385-S003,B19-U006,Premium,2026-03-15,2026-12-15,canceled,150000.0
B386-S001,B19-U007,Lite,2026-01-03,,active,50000.0
B386-S002,B19-U007,Premium,2026-02-15,2026-12-31,canceled,150000.0
S001,B19-U008,Premium,2026-01-12,2026-01-20,canceled,150000.0
S002,B19-U008,Lite,2025-12-01,,active,50000.0
S003,B19-U008,Premium,2026-08-15,2026-08-24,canceled,150000.0
B388-S001,B19-U009,Lite,2026-01-04,2026-01-18,canceled,50000.0
B388-S002,B19-U009,Lite,2026-02-05,,active,50000.0
B388-S003,B19-U009,Premium,2026-08-05,2026-08-10,canceled,150000.0
S001,B19-U010,Lite,2026-01-07,2026-04-07,active,50000.0
S002,B19-U010,Premium,2026-04-08,,active,150000.0
B390-S001,B19-U011,Premium,2026-01-06,2026-01-14,canceled,150000.0
B390-S002,B19-U011,Lite,2026-04-06,,active,50000.0
B390-S003,B19-U011,Premium,2026-05-01,,active,150000.0
S001,B19-U012,Lite,2026-01-13,2026-04-12,active,50000.0
S002,B19-U012,Premium,2026-04-13,2026-10-12,canceled,150000.0
S003,B19-U012,Lite,2026-10-13,,active,50000.0
S001,B19-U013,Lite,2026-01-15,2026-03-15,active,50000.0
S002,B19-U013,Premium,2026-04-01,,active,150000.0
S001,B19-U014,Premium,2026-01-08,2026-01-21,canceled,150000.0
S002,B19-U014,Lite,2025-12-01,2026-04-01,canceled,50000.0
S003,B19-U014,Premium,2026-07-09,2026-07-26,canceled,150000.0
S004,B19-U028,Lite,2026-01-20,2026-11-20,canceled,50000.0
S005,B19-U028,Premium,2026-11-21,,active,150000.0
B394-S001,B19-U015,Lite,2026-01-02,2027-01-02,active,50000.0
B394-S002,B19-U015,Premium,2026-06-01,,active,150000.0
B395-S001,B19-U016,Premium,2026-01-11,2026-02-05,canceled,150000.0
B395-S002,B19-U016,Lite,2026-02-01,2026-05-30,canceled,50000.0
B395-S003,B19-U016,Premium,2026-06-15,2026-07-04,canceled,150000.0
S001,B19-U017,Lite,2026-01-15,,active,50000.0
S002,B19-U017,Premium,2026-02-20,2026-06-20,canceled,150000.0
B397-S001,B19-U018,Premium,2026-01-10,2026-01-23,canceled,150000.0
B397-S002,B19-U018,Lite,2026-04-10,,active,50000.0
S001,B19-U019,Lite,2026-01-07,2026-01-16,canceled,50000.0
S002,B19-U019,Premium,2026-02-08,,active,150000.0
S003,B19-U019,Lite,2026-03-01,2026-03-14,canceled,50000.0
S004,B19-U019,Premium,2026-05-01,2026-05-24,canceled,150000.0
B399-S001,B19-U020,Lite,2026-01-04,2026-04-04,active,50000.0
B399-S002,B19-U020,Premium,2026-04-05,,active,150000.0
